{
  "x_start": -1.0284646601876157,
  "x_end": 1.0284646601876157,
  "y_start": -1.0284646601876157,
  "y_end": 1.0284646601876157,
  "z_start": 0.0,
  "z_end": 1.364166804863463,
  "statistics": {
    "num_samples": 1000,
    "x_range": 1.84509047742466,
    "y_range": 1.8363175874077666,
    "z_range": 1.5705787408559342,
    "raw_bounds": {
      "x_min": -0.9166258172370443,
      "x_max": 0.9284646601876156,
      "y_min": -0.9094656298919715,
      "y_max": 0.926851957515795,
      "z_min": -0.3064119359924712,
      "z_max": 1.264166804863463
    }
  }
}