{
  "x_start": -1.0728228069742667,
  "x_end": 1.0728228069742667,
  "y_start": -1.0728228069742667,
  "y_end": 1.0728228069742667,
  "z_start": 0.0,
  "z_end": 1.3586183948608463,
  "statistics": {
    "num_samples": 2000,
    "x_range": 1.9317251650551306,
    "y_range": 1.9144413955293988,
    "z_range": 1.7702882965246185,
    "raw_bounds": {
      "x_min": -0.9728228069742667,
      "x_max": 0.9589023580808638,
      "y_min": -0.9644621260809916,
      "y_max": 0.9499792694484073,
      "z_min": -0.5116699016637724,
      "z_max": 1.2586183948608463
    }
  }
}